id,name,title,description,subscribers,created_utc,over18,category
2qs0k,Home,Home,,321825,1232850357.0,False,None
2qh1i,AskReddit,Ask Reddit...,r/AskReddit is the place to ask and answer thought-provoking questions.,55888202,1201233135.0,False,Lifestyles
2w844,NoStupidQuestions,No such thing as stupid questions,"Ask away!

Disclaimer: This is an anonymous forum so answers may not be correct",6312075,1359795144.0,False,None
12967t,BaldursGate3,Baldur's Gate 3,"A community all about Baldur's Gate III, the role-playing video game by Larian Studios. BG3 is the third main game in the Baldur's Gate series. Baldur's Gate III is based on a modified version of the Dungeons & Dragons 5th edition (D&D 5e) tabletop RPG ruleset.

Gather your party and venture forth!",3172043,1559226938.0,False,None
2r5rp,facepalm,now double verified,/r/facepalm - please sir can I have some more?,8129148,1251449390.0,False,Lifestyles
2qhsa,interestingasfuck,Interesting As Fuck,For anything truly interesting as fuck,14663782,1207822208.0,False,None
2xxyj,Damnthatsinteresting,"Damn, that's interesting!",For the most interesting things on the internet,19823234,1374425825.0,False,None
38jf0,LivestreamFail,r/LivestreamFail,The place for all things livestreaming.,4102126,1433716387.0,False,None
2qh0u,pics,Reddit Pics,"A place for photographs, pictures, and other images.",32755054,1201221069.0,False,Lifestyles
4jn9v4,Palworld,Palworld,"[Unaffiliated with Pocketpair] 
Palworld is a brand-new multiplayer, open-world survival crafting game where you can befriend and collect mysterious creatures called ""Pals"" in a vast new world! Make your Pals fight, build, farm, work in factories, and more!",723415,1622895564.0,False,None
2xhvq,AmItheAsshole,Am I the Asshole? ,"A catharsis for the frustrated moral philosopher in all of us, and a place to finally find out if you were wrong in an argument that's been bothering you. Tell us about any non-violent conflict you have experienced; give us both sides of the story, and find out if you're right, or you're the asshole. 

See our ~~*Best Of*~~ ""Most Controversial"" at /r/AITAFiltered!",24107575,1370722490.0,False,None
2ubgg,mildlyinfuriating,jukmifgguggh,jugkfmghgug,11018722,1339961663.0,False,Lifestyles
2qmox,Piracy,Piracy: ꜱᴀɪʟ ᴛʜᴇ ʜɪɢʜ ꜱᴇᴀꜱ,"⚓ Dedicated to the discussion of digital piracy, including ethical problems and legal advancements.",2238585,1221893014.0,False,Lifestyles
121h8r,PeterExplainsTheJoke,PeterExplainsTheJoke,"Hey gamers, this is the subreddit where you post a meme/joke you don't understand so it can be explained to you. You can also post memes about u/PeterExplainsTheJoke or just post weird pictures of Peter.",2395404,1558894980.0,False,None
2qh33,funny,funny,Reddit's largest humor depository,66825373,1201242956.0,False,Entertainment
446kys,AITAH,AITAH,"This is a community like r/AmITheAsshole, except unlike that subreddit you can post interpersonal conflicts. Anything that's AITA including relationships, hypotheticals, even posting about Scar from the Lion King and trying to convince redditors that he was not the AH. AI scenarios/posts are not welcome or tolerated. An elaboration on our rules can be found here: https://www.reddit.com/r/AITAH/wiki/index",5896669,1615939521.0,False,None
2qh3s,movies,Movie News and Discussion,"The goal of /r/Movies is to provide an inclusive place for discussions and news about films with major releases. Submissions should be for the purpose of informing or initiating a discussion, not just to entertain readers. Read our extensive list of rules for more information on other types of posts like fan-art and self-promotion, or message the moderators if you have any questions.",36234908,1201243950.0,False,Entertainment
2ya0t,Helldivers,Helldivers,"A subreddit dedicated to HELLDIVERS and HELLDIVERS II, intense co-op shooters set in a satirical dystopian future where you play as one of mankind's elite soldiers determined to spread managed democracy. Developed by Arrowhead Game Studios.",2025248,1377154242.0,False,None
2qh03,gaming,r/gaming,The Number One Gaming forum on the Internet.,46836037,1190054605.0,False,Games
2qh13,worldnews,World News,"A place for major news from around the world, excluding US-internal news.",46290310,1201231119.0,False,Lifestyles
2rfxx,leagueoflegends,League of Legends,This is a subreddit devoted to the game League of Legends.,8139169,1263422348.0,False,Games
2sgp1,pcmasterrace,"PC Master Race - PCMR: A place where all enthusiasts of PC, PC gaming and PC technology are welcome!","Welcome to the official subreddit of the PC Master Race / PCMR!

All PC-related content is welcome, including build help, tech support, and any doubt one might have about PC ownership.

You don't necessarily need a PC to be a member of the PCMR. You just have to love PCs. It's not about the hardware in your rig, but the software in your heart!

Join us in celebrating and promoting tech, knowledge, and the best gaming, study, and work platform there exists. The Personal Computer.",15455631,1304179207.0,False,Games
2w67q,Unexpected,Unexpected,This subreddit is for unexpected twists in videos and gifs.,11566458,1359322704.0,False,None
2qh3l,news,News,The place for news articles about current events in the United States and the rest of the world. Discuss it all here.,30466212,1201243765.0,False,Lifestyles
2cneq,politics,Politics,/r/Politics is for news and discussion about U.S. politics.,8838329,1186377399.0,False,Lifestyles
2th52,wallstreetbets,wallstreetbets,Like 4chan found a Bloomberg Terminal.,19057706,1328045167.0,False,None
2qqjc,todayilearned,Today I Learned (TIL),"You learn something new every day; what did you learn today?
Submit interesting and specific facts about something that you just found out here.",40809593,1230446819.0,False,Lifestyles
2qnts,nottheonion,"Sadly, this is not the Onion.",For true stories that you could have sworn were from The Onion.,25773498,1224968003.0,False,Entertainment
2qjpg,memes,/r/Memes the original since 2008,"Memes!

A way of describing cultural information being shared.
An element of a culture or system of behavior that may be considered to be passed from one individual to another by nongenetic means, especially imitation.",35497099,1215246073.0,False,None
2yrq6,PublicFreakout,/r/PublicFreakout,"A subreddit dedicated to people freaking out, melting down, losing their cool, or being weird in public.",4707874,1381610009.0,False,None
2xcv7,Wellthatsucks,Well... That sucks...,"Posts that make you go: ""Well.. that sucks..""",4108994,1369506943.0,False,None
2sokd,explainlikeimfive,Explain Like I'm Five | Don't Panic!,"Explain Like I'm Five is the best forum and archive on the internet for layperson-friendly explanations.


Don't Panic!",23248352,1311866500.0,False,Lifestyles
2xinb,OutOfTheLoop,What's everyone on about?,A subreddit to help you keep up to date with what's going on with reddit and other stuff.,3590693,1370891648.0,False,Lifestyles
2rfz5,OnePiece,One Piece,"Welcome to r/OnePiece, the community for Eiichiro Oda's manga and anime series One Piece. From the East Blue to the New World, anything related to the world of One Piece belongs here! If you've just set sail with the Straw Hat Pirates, be wary of spoilers on this subreddit!",5164718,1263480939.0,False,Entertainment
33x33,BlackPeopleTwitter,Black Twitter,"Screenshots of Black people being hilarious or insightful on social media, it doesn't need to just be twitter but obviously that is best.",6126722,1412734504.0,False,None
2rnve,buildapc,/r/buildapc - Planning on building a computer but need some advice? This is the place to ask!,"Planning on building a computer but need some advice? This is the place to ask!


 /r/buildapc is a community-driven subreddit dedicated to custom PC assembly. Anyone is welcome to seek the input of our helpful community as they piece together their desktop.",8182409,1270959885.0,False,Technology
4q5zoc,HonkaiStarRail,HonkaiStarRail,Honkai: Star Rail is a strategy-RPG title in the Honkai series that takes players on a cosmic adventure across the stars. Hop aboard the Astral Express and experience the galaxy's infinite wonders on this journey filled with adventure and thrill.,1192118,1625726726.0,False,None
5tdqj0,SipsTea,SipsTea,Delivering the internet's best content daily. On Wednesdays we post frogs!,2204559,1644266008.0,False,None
2r05i,Minecraft,Minecraft on reddit,Minecraft community on Reddit,8499535,1244686767.0,False,Games
2ti4h,mildlyinteresting,"For photos that are, you know, mildly interesting","Aww, cripes. I didn't know I'd have to write a description. How many words is that so far, like a hundred? Soooo, yeah. Mildly interesting stuff. Stuff that interests you. Mildly. It's in the name, ffs.",24711394,1328424881.0,False,Lifestyles
2qmg3,nfl,NFL: National Football League Discussion,The place to discuss all NFL related things,12490825,1221282054.0,False,Sports
363r3,BeAmazed,I bet you will /r/BeAmazed!,A place to find and share things which are amazing in a positive way.,8966978,1422280341.0,False,None
2qh7d,DIY,DIY,DIY,26910076,1201283064.0,False,Lifestyles
2qo4s,nba,NBA,A community for NBA discussion.,16709950,1225822503.0,False,Sports
2si92,MapPorn,"Map Porn, for interesting maps",High quality images of maps.,5970291,1305998894.0,False,Lifestyles
2qwis,Steam,Steam on Reddit,"A subreddit for members of the Steam Community and fans of steam.

Discord: discord.gg/steam",4908941,1239548272.0,False,Games
2u5kl,Overwatch,Overwatch,"Subreddit for all things Overwatch™, Overwatch 2™ and the Overwatch™ Universe, the team-based shooter from Blizzard Entertainment.",6051541,1337828867.0,False,Games
12p4l2,Genshin_Impact,Genshin Impact Official,"This is the official community for Genshin Impact (原神), the latest open-world action RPG from HoYoverse. The game features a massive, gorgeous map, an elaborate elemental combat system, engaging storyline & characters, co-op game mode, soothing soundtrack, and much more for you to explore!",3665579,1559922959.0,False,None
3eb8a,classicwow,WoW: Classic,A community for World of Warcraft: Classic fans.,681057,1461374134.0,False,None
2qi58,soccer,The back page of the internet.,"The football subreddit. 

News, results, and discussion about the beautiful game.",8584600,1211886403.0,False,Sports
